state,bus_route_name,bus_route_link,bus_name,bus_type,departing_time,duration,reaching_time,star_rating,price,seat_availability
West Bengal,Digha to Barasat (West Bengal),https://www.redbus.in/bus-tickets/digha-to-barasat-west-bengal,WBTC (CTC) BARASAT-DIGHA via Bally - 38|15:35,Non AC Seater (2+3),15:35,05h 15m,20:50,3.5,161,41
West Bengal,Digha to Barasat (West Bengal),https://www.redbus.in/bus-tickets/digha-to-barasat-west-bengal,The Joy Ride,A/C Seater / Sleeper (2+2),21:15,06h 20m,03:35,3.7,650,59
West Bengal,Digha to Barasat (West Bengal),https://www.redbus.in/bus-tickets/digha-to-barasat-west-bengal,Satya Paribahan,A/C Seater (2+3),23:00,06h 10m,05:10,3.3,300,40
West Bengal,Digha to Barasat (West Bengal),https://www.redbus.in/bus-tickets/digha-to-barasat-west-bengal,Aradhana Bus Service,Non AC Seater (2+3),16:50,06h 40m,23:30,2.1,350,52
West Bengal,Digha to Barasat (West Bengal),https://www.redbus.in/bus-tickets/digha-to-barasat-west-bengal,Aradhana Travels,A/C Seater / Sleeper (2+2),18:35,05h 20m,23:55,1.1,500,19
West Bengal,Digha to Barasat (West Bengal),https://www.redbus.in/bus-tickets/digha-to-barasat-west-bengal,Snemita Paribahan (Shinjini),AC Seater (2+3),23:35,05h 25m,05:00,2.5,420,30
West Bengal,Digha to Barasat (West Bengal),https://www.redbus.in/bus-tickets/digha-to-barasat-west-bengal,Aradhana Bus Service,A/C Seater / Sleeper (2+2),23:00,05h 30m,04:30,2.1,550,71
West Bengal,Durgapur (West Bengal) to Kolkata,https://www.redbus.in/bus-tickets/durgapur-to-kolkata,SBSTC-ASANSOL - KOLKATA - 15:05 (HWH DEPOT) - 210,Non AC Seater (2+3),16:15,03h 30m,19:45,3.6,150,47
West Bengal,Durgapur (West Bengal) to Kolkata,https://www.redbus.in/bus-tickets/durgapur-to-kolkata,SBSTC-ASANSOL - KARUNAMOYEE - 15:10 (BEL DEPOT) - 216,Non AC Seater (2+3),16:20,04h 00m,20:20,3.3,155,36
West Bengal,Durgapur (West Bengal) to Kolkata,https://www.redbus.in/bus-tickets/durgapur-to-kolkata,SBSTC-ASANSOL - KOLKATA - 15:35 (HOWRAH DEPOT) - 211,Non AC Seater (2+3),16:45,03h 30m,20:15,3.7,150,48
West Bengal,Durgapur (West Bengal) to Kolkata,https://www.redbus.in/bus-tickets/durgapur-to-kolkata,SBSTC-BANKURA - KARUNAMOYEE - A/C - 15:15 - 1500,AC Seater (2+2),17:00,04h 00m,21:00,2.2,300,21
West Bengal,Durgapur (West Bengal) to Kolkata,https://www.redbus.in/bus-tickets/durgapur-to-kolkata,SBSTC-ASANSOL - KARUNAMOYEE - 16:10 (BEL DEPOT) - 217,Non AC Seater (2+3),17:25,04h 00m,21:25,3.8,155,43
West Bengal,Durgapur (West Bengal) to Kolkata,https://www.redbus.in/bus-tickets/durgapur-to-kolkata,SBSTC-ASANSOL - KOLKATA - 16:30 (HOWRAH DEPOT) - 752,Non AC Seater (2+3),17:40,03h 30m,21:10,3.5,150,51
West Bengal,Durgapur (West Bengal) to Kolkata,https://www.redbus.in/bus-tickets/durgapur-to-kolkata,SBSTC-ASANSOL - KARUNAMOYEE - 16:40 (ASANSOL DEPOT) - 847,Non AC Seater (2+3),17:50,04h 10m,22:00,3.1,155,45
West Bengal,Durgapur (West Bengal) to Kolkata,https://www.redbus.in/bus-tickets/durgapur-to-kolkata,Greenline,Volvo A/C B11R Multi Axle Semi Sleeper (2+2),14:50,04h 00m,18:50,4.5,486,15
West Bengal,Durgapur (West Bengal) to Kolkata,https://www.redbus.in/bus-tickets/durgapur-to-kolkata,Express Line (Karunamoyee),Volvo A/C Seater (2+2),15:00,03h 50m,18:50,3.9,486,15
West Bengal,Durgapur (West Bengal) to Kolkata,https://www.redbus.in/bus-tickets/durgapur-to-kolkata,Express Line (Karunamoyee),Volvo A/C Seater (2+2),15:00,03h 50m,18:50,3.9,486,16
West Bengal,Durgapur (West Bengal) to Kolkata,https://www.redbus.in/bus-tickets/durgapur-to-kolkata,Greenline (Karunamoyee),Volvo A/C Seater (2+2),15:30,04h 00m,19:30,3.9,486,19
West Bengal,Durgapur (West Bengal) to Kolkata,https://www.redbus.in/bus-tickets/durgapur-to-kolkata,Greenline (Karunamoyee),Volvo A/C Seater (2+2),15:30,04h 00m,19:30,4.2,486,19
West Bengal,Durgapur (West Bengal) to Kolkata,https://www.redbus.in/bus-tickets/durgapur-to-kolkata,Shyamoli Paribahan Pvt Ltd,Volvo Multi-Axle A/C Semi Sleeper (2+2),15:30,03h 50m,19:20,4.1,486,22
West Bengal,Durgapur (West Bengal) to Kolkata,https://www.redbus.in/bus-tickets/durgapur-to-kolkata,SHYAMOLI Pvt. Ltd.(Karunamoyee),Volvo B11R Multi Axle Seater (2+2),16:00,04h 00m,20:00,4.0,486,35
West Bengal,Durgapur (West Bengal) to Kolkata,https://www.redbus.in/bus-tickets/durgapur-to-kolkata,Greenline,Volvo A/C Seater (2+2),16:00,03h 50m,19:50,4.3,486,16
West Bengal,Durgapur (West Bengal) to Kolkata,https://www.redbus.in/bus-tickets/durgapur-to-kolkata,SHYAMOLI Pvt. Ltd.(Karunamoyee),Volvo B11R Multi Axle Seater (2+2),16:00,04h 00m,20:00,4.5,486,34
West Bengal,Durgapur (West Bengal) to Kolkata,https://www.redbus.in/bus-tickets/durgapur-to-kolkata,Shyamoli Paribahan Pvt Ltd,Volvo A/C Seater (2+2),16:30,04h 00m,20:30,3.8,486,24
West Bengal,Durgapur (West Bengal) to Kolkata,https://www.redbus.in/bus-tickets/durgapur-to-kolkata,Express Line (Karunamoyee),Volvo A/C Seater (2+2),16:30,03h 55m,20:25,4.8,486,17
West Bengal,Durgapur (West Bengal) to Kolkata,https://www.redbus.in/bus-tickets/durgapur-to-kolkata,Express Line (Karunamoyee),Volvo A/C Seater (2+2),16:30,03h 55m,20:25,4.6,486,17
West Bengal,Durgapur (West Bengal) to Kolkata,https://www.redbus.in/bus-tickets/durgapur-to-kolkata,SHYAMOLI Pvt. Ltd.(Karunamoyee),Volvo A/C Seater (2+2),16:45,04h 00m,20:45,4.2,486,29
West Bengal,Durgapur (West Bengal) to Kolkata,https://www.redbus.in/bus-tickets/durgapur-to-kolkata,SHYAMOLI Pvt. Ltd.(Karunamoyee),Volvo A/C Seater (2+2),16:45,04h 00m,20:45,3.7,486,34
West Bengal,Durgapur (West Bengal) to Kolkata,https://www.redbus.in/bus-tickets/durgapur-to-kolkata,Greenline (Karunamoyee),Volvo A/C B11R Multi Axle Semi Sleeper (2+2),17:30,03h 50m,21:20,4.1,486,24
West Bengal,Durgapur (West Bengal) to Kolkata,https://www.redbus.in/bus-tickets/durgapur-to-kolkata,Greenline (Karunamoyee),Volvo A/C B11R Multi Axle Semi Sleeper (2+2),17:30,03h 50m,21:20,4.3,486,24
West Bengal,Durgapur (West Bengal) to Kolkata,https://www.redbus.in/bus-tickets/durgapur-to-kolkata,SHYAMOLI Pvt. Ltd.(Karunamoyee),Volvo Multi-Axle A/C Semi Sleeper (2+2),17:50,03h 45m,21:35,4.2,486,32
West Bengal,Durgapur (West Bengal) to Kolkata,https://www.redbus.in/bus-tickets/durgapur-to-kolkata,SHYAMOLI Pvt. Ltd.(Karunamoyee),Volvo Multi-Axle A/C Semi Sleeper (2+2),17:50,03h 45m,21:35,4.0,486,32
West Bengal,Durgapur (West Bengal) to Kolkata,https://www.redbus.in/bus-tickets/durgapur-to-kolkata,Express Line,Volvo 9600 A/C Seater (2+2),18:30,04h 20m,22:50,4.5,486,37
West Bengal,Digha to Kolkata,https://www.redbus.in/bus-tickets/digha-to-kolkata,SBSTC-DIGHA - GARIA - VIA - KOLKATA - 15:10 - 734,Non AC Seater (2+3),15:10,05h 30m,20:40,4.1,162,50
West Bengal,Digha to Kolkata,https://www.redbus.in/bus-tickets/digha-to-kolkata,SBSTC-DIGHA - KARUNAMOYEE - VIA DUNLOP - 15:20 (DIGHA) - 3244,Non AC Seater (2+3),15:20,05h 00m,20:20,3.5,170,51
West Bengal,Digha to Kolkata,https://www.redbus.in/bus-tickets/digha-to-kolkata,SBSTC-DIGHA - KUDGHAT - VIA - KOLKATA - 15:30 (DIGHA) - 2684,Non AC Seater (2+3),15:30,04h 30m,20:00,3.5,155,52
West Bengal,Digha to Kolkata,https://www.redbus.in/bus-tickets/digha-to-kolkata,SBSTC-DIGHA - KOLKATA - 17:15 (DIGHA DEPOT) - 1158,Non AC Seater (2+3),17:15,04h 30m,21:45,3.8,155,52
West Bengal,Digha to Kolkata,https://www.redbus.in/bus-tickets/digha-to-kolkata,WBTC (CTC) Khidderpur - Digha - 97|15:00,Non AC Seater (2+3),15:00,05h 00m,20:00,3.6,151,49
West Bengal,Digha to Kolkata,https://www.redbus.in/bus-tickets/digha-to-kolkata,WBTC (CTC) Joka - Tollygunge - Digha - 99|15:30,Non AC Seater (2+3),15:30,06h 00m,21:30,3.6,157,49
West Bengal,Digha to Kolkata,https://www.redbus.in/bus-tickets/digha-to-kolkata,WBTC (CTC) BARASAT-DIGHA via Bally - 38|15:35,Non AC Seater (2+3),15:35,04h 45m,20:20,3.6,146,41
West Bengal,Digha to Kolkata,https://www.redbus.in/bus-tickets/digha-to-kolkata,WBTC (CTC) Tollygunge - Digha - 200|16:30,Non AC Seater (2+3),16:30,04h 15m,20:45,3.4,145,48
West Bengal,Digha to Kolkata,https://www.redbus.in/bus-tickets/digha-to-kolkata,City Express (Shinjini),AC Seater (2+3),22:45,05h 25m,04:10,3.7,320,20
West Bengal,Digha to Kolkata,https://www.redbus.in/bus-tickets/digha-to-kolkata,Snemita Paribahan(Shinjini),A/C Seater (2+3),22:45,05h 25m,04:10,3.8,320,32
West Bengal,Digha to Kolkata,https://www.redbus.in/bus-tickets/digha-to-kolkata,The Joy Ride,A/C Seater / Sleeper (2+2),21:15,05h 15m,02:30,4.5,650,59
West Bengal,Digha to Kolkata,https://www.redbus.in/bus-tickets/digha-to-kolkata,Sree Jagannath Travels,A/C Seater Push Back (2+3),15:00,05h 00m,20:00,3.3,250,30
West Bengal,Digha to Kolkata,https://www.redbus.in/bus-tickets/digha-to-kolkata,Sneha Gold Bus Service,A/C Seater (2+3),16:30,05h 00m,21:30,3.2,300,20
West Bengal,Digha to Kolkata,https://www.redbus.in/bus-tickets/digha-to-kolkata,Parameswar Travels,A/C Seater Push Back (2+3),20:00,05h 35m,01:35,3.4,280,20
West Bengal,Digha to Kolkata,https://www.redbus.in/bus-tickets/digha-to-kolkata,Parameswar Travels,A/C Seater Push Back (2+2),17:50,05h 10m,23:00,2.5,335,26
West Bengal,Digha to Kolkata,https://www.redbus.in/bus-tickets/digha-to-kolkata,Snemita Paribahan(SHINJINI),A/C Seater (2+3),16:00,04h 30m,20:30,2.2,300,30
West Bengal,Digha to Kolkata,https://www.redbus.in/bus-tickets/digha-to-kolkata,Satya Paribahan,A/C Seater (2+3),23:30,04h 10m,03:40,1.8,320,46
West Bengal,Digha to Kolkata,https://www.redbus.in/bus-tickets/digha-to-kolkata,Snemita Paribahan (Shinjini),AC Seater (2+3),23:35,04h 40m,04:15,2.3,420,29
West Bengal,Digha to Kolkata,https://www.redbus.in/bus-tickets/digha-to-kolkata,Parameswar Travels,A/C Seater Push Back (2+3),21:00,06h 00m,03:00,1.6,280,15
West Bengal,Digha to Kolkata,https://www.redbus.in/bus-tickets/digha-to-kolkata,Ankita Paribahan (Lokenath),AC Seater (2+3),16:20,04h 40m,21:00,2.4,300,41
West Bengal,Digha to Kolkata,https://www.redbus.in/bus-tickets/digha-to-kolkata,Snemita Parisheba(Santosh),A/C Seater Push Back (2+3),23:00,05h 20m,04:20,2.2,370,25
West Bengal,Digha to Kolkata,https://www.redbus.in/bus-tickets/digha-to-kolkata,Aradhana Travels,A/C Seater / Sleeper (2+2),18:35,04h 25m,23:00,1.5,500,19
West Bengal,Digha to Kolkata,https://www.redbus.in/bus-tickets/digha-to-kolkata,Snemita Parisheba(SNEHA GOLD),AC Seater (2+3),16:40,04h 50m,21:30,3.1,270,43
West Bengal,Digha to Kolkata,https://www.redbus.in/bus-tickets/digha-to-kolkata,Satya Paribahan,A/C Seater (2+3),23:00,04h 45m,03:45,3.0,300,40
West Bengal,Digha to Kolkata,https://www.redbus.in/bus-tickets/digha-to-kolkata,Snemita Paribahan,A/C Seater (2+3),23:30,04h 30m,04:00,2.1,370,45
West Bengal,Digha to Kolkata,https://www.redbus.in/bus-tickets/digha-to-kolkata,Snemita Parisheba,AC Seater (2+3),17:00,04h 30m,21:30,1.9,270,36
West Bengal,Digha to Kolkata,https://www.redbus.in/bus-tickets/digha-to-kolkata,Parameswar Travels,A/C Seater Push Back (2+3),18:10,05h 20m,23:30,2.1,335,31
West Bengal,Digha to Kolkata,https://www.redbus.in/bus-tickets/digha-to-kolkata,Basu Travels,A/C Seater Push Back (2+3),17:30,05h 00m,22:30,1.9,419,30
West Bengal,Digha to Kolkata,https://www.redbus.in/bus-tickets/digha-to-kolkata,Ankita Paribahan (Maity Motor),AC Seater (2+3),15:45,04h 30m,20:15,1.5,300,41
West Bengal,Digha to Kolkata,https://www.redbus.in/bus-tickets/digha-to-kolkata,Aradhana Bus Service,A/C Seater / Sleeper (2+2),23:00,05h 00m,04:00,1.2,550,71
West Bengal,Digha to Kolkata,https://www.redbus.in/bus-tickets/digha-to-kolkata,Ankita Paribahan - Parameswar,A/C Seater (2+3),18:00,04h 40m,22:40,2.4,370,36
West Bengal,Digha to Kolkata,https://www.redbus.in/bus-tickets/digha-to-kolkata,Arunita Paribahan,A/C Seater (2+3),23:35,04h 55m,04:30,1.7,370,21
West Bengal,Digha to Kolkata,https://www.redbus.in/bus-tickets/digha-to-kolkata,Bengal Surface Transport,A/C Seater Push Back (2+3),17:30,05h 00m,22:30,2.1,419,36
West Bengal,Digha to Kolkata,https://www.redbus.in/bus-tickets/digha-to-kolkata,Aniruddha Travels,NON A/C Seater Push Back (2+3) (2+3),16:25,04h 50m,21:15,1.0,270,30
West Bengal,Digha to Kolkata,https://www.redbus.in/bus-tickets/digha-to-kolkata,Snemita Parisheba,AC Seater (2+3),18:00,04h 30m,22:30,2.4,370,41
West Bengal,Digha to Kolkata,https://www.redbus.in/bus-tickets/digha-to-kolkata,Aradhana Travels,A/C Seater / Sleeper (2+1),19:30,04h 29m,23:59,1.4,500,43
West Bengal,Digha to Kolkata,https://www.redbus.in/bus-tickets/digha-to-kolkata,Aradhana Travels,Non AC Seater (2+3),21:45,05h 40m,03:25,1.4,500,19
West Bengal,Digha to Kolkata,https://www.redbus.in/bus-tickets/digha-to-kolkata,Samanta Travels,NON A/C Seater (2+3),16:00,05h 00m,21:00,3.2,199,61
West Bengal,Digha to Kolkata,https://www.redbus.in/bus-tickets/digha-to-kolkata,SANTOSH BUS SERVICE,AC Seater (2+3),17:05,04h 25m,21:30,3.1,369,25
West Bengal,Digha to Kolkata,https://www.redbus.in/bus-tickets/digha-to-kolkata,Subhadip Travels(Jagannath),A/C Executive (2+3),14:55,04h 45m,19:40,2.8,260,31
West Bengal,Digha to Kolkata,https://www.redbus.in/bus-tickets/digha-to-kolkata,Ankita Paribahan,Non AC Seater (2+3),18:20,04h 40m,23:00,2.6,370,46
West Bengal,Digha to Kolkata,https://www.redbus.in/bus-tickets/digha-to-kolkata,Ankita Paribahan,A/C Executive (2+3),15:25,04h 35m,20:00,2.6,420,60
West Bengal,Digha to Kolkata,https://www.redbus.in/bus-tickets/digha-to-kolkata,Satya Paribahan,A/C Seater (2+3),18:20,04h 40m,23:00,2.5,320,61
West Bengal,Digha to Kolkata,https://www.redbus.in/bus-tickets/digha-to-kolkata,Aradhana Bus Service,Non AC Seater (2+3),16:50,05h 40m,22:30,1.1,350,54
West Bengal,Barasat (West Bengal) to Digha,https://www.redbus.in/bus-tickets/barasat-west-bengal-to-digha,WBTC (CTC) BARASAT-DIGHA via Bally - 38|15:00,Non AC Seater (2+3),15:00,03h 45m,18:45,3.2,161,3
West Bengal,Barasat (West Bengal) to Digha,https://www.redbus.in/bus-tickets/barasat-west-bengal-to-digha,Radhakrishna Tourist Service,Non AC Seater (2+3),15:45,05h 30m,21:15,0,230,54
West Bengal,Kolkata to Durgapur (West Bengal),https://www.redbus.in/bus-tickets/kolkata-to-durgapur,SBSTC-KOLKATA - DURGAPUR - 15:15 (DGP DEPOT) - 759,Non AC Seater (2+3),15:15,03h 30m,18:45,3.8,150,52
West Bengal,Kolkata to Durgapur (West Bengal),https://www.redbus.in/bus-tickets/kolkata-to-durgapur,SBSTC-KARUNAMOYEE - ASANSOL - 15:30 (ASN DEPOT) - 249,Non AC Seater (2+3),15:30,03h 45m,19:15,3.9,155,27
West Bengal,Kolkata to Durgapur (West Bengal),https://www.redbus.in/bus-tickets/kolkata-to-durgapur,SBSTC-KOLKATA - BANKURA - 15:30 (Bankura Depot) - 294,Non AC Seater (2+3),15:30,03h 30m,19:00,3.3,150,51
West Bengal,Kolkata to Durgapur (West Bengal),https://www.redbus.in/bus-tickets/kolkata-to-durgapur,SBSTC-KOLKATA - ASANSOL - 16:00 (ASANSOL DEPOT) - 768,Non AC Seater (2+3),16:00,03h 30m,19:30,3.1,150,49
West Bengal,Kolkata to Durgapur (West Bengal),https://www.redbus.in/bus-tickets/kolkata-to-durgapur,SBSTC-KOLKATA - DURGAPUR - 16:15 (DGP DEPOT) - 760,Non AC Seater (2+3),16:15,03h 30m,19:45,4.7,150,47
West Bengal,Kolkata to Durgapur (West Bengal),https://www.redbus.in/bus-tickets/kolkata-to-durgapur,SBSTC-KARUNAMOYEE - ASANSOL - AC - 16:15 (BEL DEPOT) - 1566,AC Seater (2+2),16:15,04h 00m,20:15,3.1,300,33
West Bengal,Kolkata to Durgapur (West Bengal),https://www.redbus.in/bus-tickets/kolkata-to-durgapur,SBSTC-KARUNAMOYEE - DURGAPUR - 16:45 (DGP DEPOT) - 181,Non AC Seater (2+3),16:45,03h 45m,20:30,4.0,155,19
West Bengal,Kolkata to Durgapur (West Bengal),https://www.redbus.in/bus-tickets/kolkata-to-durgapur,SBSTC-KOLKATA - ASANSOL - L/S - 17:00 (ASANSOL DEPOT) - 769,Non AC Seater (2+3),17:00,03h 30m,20:30,4.2,150,43
West Bengal,Kolkata to Durgapur (West Bengal),https://www.redbus.in/bus-tickets/kolkata-to-durgapur,SBSTC-KOLKATA - DURGAPUR - 17:15 (DGP DEPOT) - 173,Non AC Seater (2+3),17:15,03h 30m,20:45,4.2,150,52
West Bengal,Kolkata to Durgapur (West Bengal),https://www.redbus.in/bus-tickets/kolkata-to-durgapur,SBSTC-KARUNAMOYEE - BANKURA - VIA - DURGAPUR - 17:30 - 311,Non AC Seater (2+3),17:30,04h 15m,21:45,3.7,155,3
West Bengal,Kolkata to Durgapur (West Bengal),https://www.redbus.in/bus-tickets/kolkata-to-durgapur,SBSTC-KOLKATA - JAMURIA - VIA - DURGAPUR - 17:30 - 300,Non AC Seater (2+3),17:30,03h 30m,21:00,3.8,150,51
West Bengal,Kolkata to Durgapur (West Bengal),https://www.redbus.in/bus-tickets/kolkata-to-durgapur,SBSTC-KOLKATA - DURGAPUR - 18:30 (DGP DEPOT) - 176,Non AC Seater (2+3),18:30,03h 30m,22:00,3.3,150,49
West Bengal,Kolkata to Durgapur (West Bengal),https://www.redbus.in/bus-tickets/kolkata-to-durgapur,Greenline,Volvo A/C Seater (2+2),14:45,03h 45m,18:30,4.9,486,16
West Bengal,Kolkata to Durgapur (West Bengal),https://www.redbus.in/bus-tickets/kolkata-to-durgapur,Shyamoli Paribahan Pvt Ltd,Volvo A/C Seater (2+2),14:45,03h 15m,18:00,4.0,486,16
West Bengal,Kolkata to Durgapur (West Bengal),https://www.redbus.in/bus-tickets/kolkata-to-durgapur,Greenline (Karunamoyee),Volvo A/C Seater (2+2),15:00,04h 00m,19:00,4.6,486,29
West Bengal,Kolkata to Durgapur (West Bengal),https://www.redbus.in/bus-tickets/kolkata-to-durgapur,Greenline (Karunamoyee),Volvo A/C Seater (2+2),15:00,04h 00m,19:00,4.3,486,28
West Bengal,Kolkata to Durgapur (West Bengal),https://www.redbus.in/bus-tickets/kolkata-to-durgapur,SHYAMOLI Pvt. Ltd.(Karunamoyee),Scania Multi-Axle AC Semi Sleeper (2+2),15:00,03h 00m,18:00,4.7,486,18
West Bengal,Kolkata to Durgapur (West Bengal),https://www.redbus.in/bus-tickets/kolkata-to-durgapur,SHYAMOLI Pvt. Ltd.(Karunamoyee),Scania Multi-Axle AC Semi Sleeper (2+2),15:00,03h 00m,18:00,4.4,486,18
West Bengal,Kolkata to Durgapur (West Bengal),https://www.redbus.in/bus-tickets/kolkata-to-durgapur,Shyamoli Paribahan Pvt Ltd,Scania Multi-Axle AC Semi Sleeper (2+2),15:00,03h 00m,18:00,4.4,486,15
West Bengal,Kolkata to Durgapur (West Bengal),https://www.redbus.in/bus-tickets/kolkata-to-durgapur,Express Line,Volvo 9600 Multi Axle Semi-Sleeper (2+2),15:30,03h 00m,18:30,4.4,486,47
West Bengal,Kolkata to Durgapur (West Bengal),https://www.redbus.in/bus-tickets/kolkata-to-durgapur,Express Line (Karunamoyee),Volvo 9600 A/C Seater (2+2),15:45,04h 00m,19:45,4.4,486,37
West Bengal,Kolkata to Durgapur (West Bengal),https://www.redbus.in/bus-tickets/kolkata-to-durgapur,Express Line (Karunamoyee),Volvo 9600 A/C Seater (2+2),15:45,04h 00m,19:45,4.7,486,37
West Bengal,Kolkata to Durgapur (West Bengal),https://www.redbus.in/bus-tickets/kolkata-to-durgapur,SHYAMOLI Pvt. Ltd.(Karunamoyee),Volvo A/C Seater (2+2),16:00,04h 00m,20:00,4.2,486,27
West Bengal,Kolkata to Durgapur (West Bengal),https://www.redbus.in/bus-tickets/kolkata-to-durgapur,Greenline,Volvo 9600 Multi Axle Semi-Sleeper (2+2),16:00,03h 15m,19:15,4.6,486,32
West Bengal,Kolkata to Durgapur (West Bengal),https://www.redbus.in/bus-tickets/kolkata-to-durgapur,SHYAMOLI Pvt. Ltd.(Karunamoyee),Volvo A/C Seater (2+2),16:00,04h 00m,20:00,3.5,486,27
West Bengal,Kolkata to Durgapur (West Bengal),https://www.redbus.in/bus-tickets/kolkata-to-durgapur,Shyamoli Paribahan Pvt Ltd,Volvo A/C Seater (2+2),16:40,04h 00m,20:40,3.8,486,27
West Bengal,Kolkata to Durgapur (West Bengal),https://www.redbus.in/bus-tickets/kolkata-to-durgapur,Greenline (Karunamoyee),Volvo A/C Seater (2+2),16:45,04h 00m,20:45,4.3,486,25
West Bengal,Kolkata to Durgapur (West Bengal),https://www.redbus.in/bus-tickets/kolkata-to-durgapur,Greenline (Karunamoyee),Volvo A/C Seater (2+2),16:45,04h 00m,20:45,4.3,486,25
West Bengal,Kolkata to Durgapur (West Bengal),https://www.redbus.in/bus-tickets/kolkata-to-durgapur,Greenline (Karunamoyee),Volvo A/C Seater (2+2),18:00,04h 00m,22:00,4.5,486,27
West Bengal,Kolkata to Durgapur (West Bengal),https://www.redbus.in/bus-tickets/kolkata-to-durgapur,Greenline (Karunamoyee),Volvo A/C Seater (2+2),18:01,03h 59m,22:00,4.3,486,26
West Bengal,Kolkata to Durgapur (West Bengal),https://www.redbus.in/bus-tickets/kolkata-to-durgapur,Express Line (Karunamoyee),Volvo A/C Seater (2+2),17:00,04h 00m,21:00,4.5,486,38
West Bengal,Kolkata to Durgapur (West Bengal),https://www.redbus.in/bus-tickets/kolkata-to-durgapur,Express Line (Karunamoyee),Volvo A/C Seater (2+2),17:00,04h 00m,21:00,4.8,486,38
West Bengal,Kolkata to Durgapur (West Bengal),https://www.redbus.in/bus-tickets/kolkata-to-durgapur,Express Line,Scania Multi-Axle AC Semi Sleeper (2+2),17:20,04h 00m,21:20,4.7,486,42
West Bengal,Kolkata to Durgapur (West Bengal),https://www.redbus.in/bus-tickets/kolkata-to-durgapur,SHYAMOLI Pvt. Ltd.(Karunamoyee),Scania Multi-Axle AC Semi Sleeper (2+2),17:30,04h 00m,21:30,4.2,486,31
West Bengal,Kolkata to Durgapur (West Bengal),https://www.redbus.in/bus-tickets/kolkata-to-durgapur,SHYAMOLI Pvt. Ltd.(Karunamoyee),Scania Multi-Axle AC Semi Sleeper (2+2),17:30,04h 00m,21:30,4.4,486,29
West Bengal,Kolkata to Durgapur (West Bengal),https://www.redbus.in/bus-tickets/kolkata-to-durgapur,Greenline,Volvo A/C Seater (2+2),18:05,04h 00m,22:05,4.7,486,35
West Bengal,Kolkata to Durgapur (West Bengal),https://www.redbus.in/bus-tickets/kolkata-to-durgapur,Shyamoli Paribahan Pvt Ltd,Volvo A/C Seater (2+2),18:40,03h 45m,22:25,4.7,486,29
West Bengal,Kolkata to Durgapur (West Bengal),https://www.redbus.in/bus-tickets/kolkata-to-durgapur,Royal Cruiser,Scania Multi-Axle AC Semi Sleeper (2+2),19:30,03h 45m,23:15,3.8,500,26
West Bengal,Kolkata to Durgapur (West Bengal),https://www.redbus.in/bus-tickets/kolkata-to-durgapur,Pammi Travels,NON A/C Sleeper (2+1),21:15,04h 15m,01:30,3.6,697,25
West Bengal,Kolkata to Durgapur (West Bengal),https://www.redbus.in/bus-tickets/kolkata-to-durgapur,Maharani Express,A/C Seater / Sleeper (2+2),15:30,04h 00m,19:30,2.4,700,20
West Bengal,Kolkata to Durgapur (West Bengal),https://www.redbus.in/bus-tickets/kolkata-to-durgapur,Maharani Travels,NON AC Seater / Sleeper 2+1,16:30,04h 15m,20:45,2.9,600,12
West Bengal,Kolkata to Durgapur (West Bengal),https://www.redbus.in/bus-tickets/kolkata-to-durgapur,Maharani Express,NON A/C Seater / Sleeper (2+2),17:00,03h 30m,20:30,2.4,750,56
West Bengal,Kolkata to Durgapur (West Bengal),https://www.redbus.in/bus-tickets/kolkata-to-durgapur,Pariwartan Bus Service,NON A/C Seater / Sleeper (2+2),18:30,04h 30m,23:00,0,500,54
West Bengal,Kolkata to Durgapur (West Bengal),https://www.redbus.in/bus-tickets/kolkata-to-durgapur,Maharani Travels,A/C Seater / Sleeper (2+1),21:05,04h 25m,01:30,2.9,800,16
West Bengal,Kolkata to Digha,https://www.redbus.in/bus-tickets/kolkata-to-digha,WBTC (CTC) Belgachia - Digha via Esplanade - 51|15:45,Non AC Seater (2+3),15:45,04h 25m,20:10,2.6,145,47
West Bengal,Kolkata to Digha,https://www.redbus.in/bus-tickets/kolkata-to-digha,WBTC (CTC) Khidderpur - Digha - 97|16:00,Non AC Seater (2+3),16:00,05h 00m,21:00,3.4,151,47
West Bengal,Kolkata to Digha,https://www.redbus.in/bus-tickets/kolkata-to-digha,WBTC (CTC) Joka - Tollygunge - Digha - 99|16:00,Non AC Seater (2+3),16:00,06h 00m,22:00,3.4,157,46
West Bengal,Kolkata to Digha,https://www.redbus.in/bus-tickets/kolkata-to-digha,WBTC (CTC) Joka - Tollygunge - Digha - 99|16:30,Non AC Seater (2+3),16:30,05h 30m,22:00,3.4,151,48
West Bengal,Kolkata to Digha,https://www.redbus.in/bus-tickets/kolkata-to-digha,WBTC (CTC) Khidderpur - Digha - 97|16:45,Non AC Seater (2+3),16:45,04h 15m,21:00,3.5,145,46
West Bengal,Kolkata to Digha,https://www.redbus.in/bus-tickets/kolkata-to-digha,WBTC (CTC) Joka - Tollygunge - Digha - 99|17:45,Non AC Seater (2+3),17:45,04h 15m,22:00,3.1,145,46
West Bengal,Kolkata to Digha,https://www.redbus.in/bus-tickets/kolkata-to-digha,SBSTC-GARIA - DIGHA - 15:15 (DIGHA DEPOT) - 543,Non AC Seater (2+3),15:15,08h 45m,00:00,4.9,162,32
West Bengal,Kolkata to Digha,https://www.redbus.in/bus-tickets/kolkata-to-digha,SBSTC-KOLKATA - DIGHA - 23:30 (DIGHA DEPOT) - 3988,Non AC Seater (2+3),23:30,04h 30m,04:00,3.9,155,5
West Bengal,Kolkata to Digha,https://www.redbus.in/bus-tickets/kolkata-to-digha,Shyamoli Paribahan Pvt Ltd,VE A/C Seater (2+2),23:30,05h 00m,04:30,4.6,799,23
West Bengal,Kolkata to Digha,https://www.redbus.in/bus-tickets/kolkata-to-digha,Express Line,VE A/C Seater (2+2),23:45,05h 00m,04:45,4.3,639,20
West Bengal,Kolkata to Digha,https://www.redbus.in/bus-tickets/kolkata-to-digha,Maa Chandi Travels,A/C Seater / Sleeper (2+2),23:57,05h 13m,05:10,4.2,500,19
West Bengal,Kolkata to Digha,https://www.redbus.in/bus-tickets/kolkata-to-digha,Sagufta Travels(Maa Chandi),A/C Seater / Sleeper (2+2),23:57,05h 13m,05:10,4.1,515,19
West Bengal,Kolkata to Digha,https://www.redbus.in/bus-tickets/kolkata-to-digha,Mayuri Express,AC Seater (2+2),23:15,05h 15m,04:30,4.1,399,22
West Bengal,Kolkata to Digha,https://www.redbus.in/bus-tickets/kolkata-to-digha,Parameswar Travels,A/C Seater Push Back (2+3),23:45,05h 15m,05:00,3.2,335,47
West Bengal,Kolkata to Digha,https://www.redbus.in/bus-tickets/kolkata-to-digha,Parameswar Travels,A/C Seater Push Back (2+3),23:59,05h 01m,05:00,3.2,335,39
West Bengal,Kolkata to Digha,https://www.redbus.in/bus-tickets/kolkata-to-digha,Sagufta Travels (Bhorpet Travels),AC Seater (2+2),23:55,04h 40m,04:35,4.4,415,23
West Bengal,Kolkata to Digha,https://www.redbus.in/bus-tickets/kolkata-to-digha,Basu Travels,A/C Seater / Sleeper (2+2),23:59,05h 01m,05:00,3.5,399,30
West Bengal,Kolkata to Digha,https://www.redbus.in/bus-tickets/kolkata-to-digha,Mayuri Express,A/C Seater (2+3),18:20,04h 30m,22:50,3.9,300,58
West Bengal,Kolkata to Digha,https://www.redbus.in/bus-tickets/kolkata-to-digha,Sagufta Travels (Mayuri),A/C Seater (2+2),23:15,04h 45m,04:00,3.8,415,20
West Bengal,Kolkata to Digha,https://www.redbus.in/bus-tickets/kolkata-to-digha,Bengal Surface Transport,A/C Seater / Sleeper (2+2),23:55,05h 05m,05:00,3.0,499,37
West Bengal,Kolkata to Digha,https://www.redbus.in/bus-tickets/kolkata-to-digha,City Express (Shinjini),AC Seater (2+3),23:50,05h 05m,04:55,2.8,480,35
West Bengal,Kolkata to Digha,https://www.redbus.in/bus-tickets/kolkata-to-digha,Sagufta Travels (Maity),A/C Seater (2+3),00:55,04h 55m,05:50,3.1,365,30
West Bengal,Kolkata to Digha,https://www.redbus.in/bus-tickets/kolkata-to-digha,Parameswar Travels,A/C Seater Push Back (2+3),23:55,05h 05m,05:00,2.4,400,49
West Bengal,Kolkata to Digha,https://www.redbus.in/bus-tickets/kolkata-to-digha,Ankita Paribahan( Haimanti),A/C Seater Push Back (2+3),19:50,04h 15m,00:05,3.0,400,41
West Bengal,Kolkata to Digha,https://www.redbus.in/bus-tickets/kolkata-to-digha,Sagufta Travels (Sagar Kanya),A/C Seater Push Back (2+3),23:30,04h 35m,04:05,2.5,365,10
West Bengal,Kolkata to Digha,https://www.redbus.in/bus-tickets/kolkata-to-digha,Snemita Paribahan(Shinjini),A/C Seater (2+3),23:50,04h 40m,04:30,2.6,467,20
West Bengal,Kolkata to Digha,https://www.redbus.in/bus-tickets/kolkata-to-digha,Purusottam Travels,A/C Seater (2+3),15:15,04h 50m,20:05,2.6,300,46
West Bengal,Kolkata to Digha,https://www.redbus.in/bus-tickets/kolkata-to-digha,Snemita Paribahan (Sathi),A/C Seater (2+3),17:40,04h 20m,22:00,1.6,356,24
West Bengal,Kolkata to Digha,https://www.redbus.in/bus-tickets/kolkata-to-digha,Samanta Travels,A/C Seater (2+3),18:50,04h 40m,23:30,2.2,370,61
West Bengal,Kolkata to Digha,https://www.redbus.in/bus-tickets/kolkata-to-digha,Snemita Paribahan (ANGEL),A/C Seater Push Back (2+2),23:58,05h 02m,05:00,1.7,411,25
West Bengal,Kolkata to Digha,https://www.redbus.in/bus-tickets/kolkata-to-digha,City Express (BHORPET),AC Seater (2+3),17:40,04h 20m,22:00,1.7,356,31
West Bengal,Kolkata to Digha,https://www.redbus.in/bus-tickets/kolkata-to-digha,Haimanti Bus Service,AC Seater (2+3),19:50,05h 40m,01:30,1.8,300,20
West Bengal,Kolkata to Digha,https://www.redbus.in/bus-tickets/kolkata-to-digha,Sagufta Travels(Angel),A/C Seater (2+2),23:58,05h 12m,05:10,4.2,415,16
West Bengal,Kolkata to Digha,https://www.redbus.in/bus-tickets/kolkata-to-digha,Sagufta Travels (Kojagor),A/C Seater Push Back (2+3),17:00,04h 50m,21:50,3.5,415,26
West Bengal,Kolkata to Digha,https://www.redbus.in/bus-tickets/kolkata-to-digha,Sagufta Travels (Samanta),A/C Seater (2+3),18:00,04h 50m,22:50,3.5,415,20
West Bengal,Kolkata to Digha,https://www.redbus.in/bus-tickets/kolkata-to-digha,Basu Travels,A/C Seater Push Back (2+3),23:30,05h 00m,04:30,3.5,499,15
West Bengal,Kolkata to Digha,https://www.redbus.in/bus-tickets/kolkata-to-digha,Snemita Parisheba(Samanta),AC Seater (2+3),18:00,04h 25m,22:25,3.6,370,22
West Bengal,Kolkata to Digha,https://www.redbus.in/bus-tickets/kolkata-to-digha,Snemita Paribahan (Bhorpet),AC Seater (2+2),23:55,04h 50m,04:45,3.7,467,29
West Bengal,Kolkata to Digha,https://www.redbus.in/bus-tickets/kolkata-to-digha,Ankita Paribahan,A/C Push Back (2+3),15:45,04h 45m,20:30,3.1,420,21
West Bengal,Kolkata to Digha,https://www.redbus.in/bus-tickets/kolkata-to-digha,Sagufta Travels (Santosh),A/C Seater / Sleeper (2+2),01:20,04h 10m,05:30,4.0,500,18
West Bengal,Kolkata to Digha,https://www.redbus.in/bus-tickets/kolkata-to-digha,Sagufta Travels(Janhabi),A/C Seater Push Back (2+3),16:45,04h 30m,21:15,3.2,415,24
West Bengal,Kolkata to Digha,https://www.redbus.in/bus-tickets/kolkata-to-digha,Ankita Paribahan(Janhabi),A/C Seater Push Back (2+3),16:45,04h 35m,21:20,3.0,320,31
West Bengal,Kolkata to Digha,https://www.redbus.in/bus-tickets/kolkata-to-digha,City Express (Shinjini),AC Seater (2+2),23:45,04h 50m,04:35,3.9,467,12
West Bengal,Kolkata to Digha,https://www.redbus.in/bus-tickets/kolkata-to-digha,Parameswar Travels,A/C Seater Push Back (2+3),21:50,05h 55m,03:45,2.7,335,51
West Bengal,Kolkata to Digha,https://www.redbus.in/bus-tickets/kolkata-to-digha,Snemita Parisheba (Bhunia),AC Seater (2+3),16:00,04h 40m,20:40,3.9,370,41
West Bengal,Kolkata to Digha,https://www.redbus.in/bus-tickets/kolkata-to-digha,Sagufta Travels(Lokenath),A/C Seater Push Back (2+3),00:30,05h 00m,05:30,3.4,365,21
West Bengal,Kolkata to Digha,https://www.redbus.in/bus-tickets/kolkata-to-digha,SANTOSH BUS SERVICE,AC Seater (2+3),19:00,04h 35m,23:35,3.3,299,46
West Bengal,Kolkata to Digha,https://www.redbus.in/bus-tickets/kolkata-to-digha,Samanta Travels,A/C Seater (2+3),18:10,05h 00m,23:10,2.3,370,16
West Bengal,Kolkata to Digha,https://www.redbus.in/bus-tickets/kolkata-to-digha,Bengal Surface Transport,A/C Seater Push Back (2+3),14:50,04h 25m,19:15,2.8,379,41
West Bengal,Kolkata to Digha,https://www.redbus.in/bus-tickets/kolkata-to-digha,Friends Travels,A/C Seater (2+3),23:55,05h 15m,05:10,2.8,350,22
West Bengal,Kolkata to Digha,https://www.redbus.in/bus-tickets/kolkata-to-digha,Snemita Parisheba,A/C Push Back (2+3),15:15,04h 30m,19:45,2.2,370,19
West Bengal,Kolkata to Digha,https://www.redbus.in/bus-tickets/kolkata-to-digha,Basu Travels,A/C Seater Push Back (2+3),14:50,04h 10m,19:00,2.0,390,16
West Bengal,Kolkata to Digha,https://www.redbus.in/bus-tickets/kolkata-to-digha,Snemita Pariseba(Santosh),AC Seater (2+3),18:30,05h 00m,23:30,3.0,370,20
West Bengal,Kolkata to Digha,https://www.redbus.in/bus-tickets/kolkata-to-digha,Snemita Parisheba,AC Seater (2+3),19:30,04h 40m,00:10,2.2,370,20
West Bengal,Kolkata to Digha,https://www.redbus.in/bus-tickets/kolkata-to-digha,Basu Travels,A/C Seater Push Back (2+3),23:55,05h 05m,05:00,2.3,469,21
West Bengal,Kolkata to Digha,https://www.redbus.in/bus-tickets/kolkata-to-digha,Basu Travels,A/C Seater Push Back (2+3),14:55,04h 15m,19:10,1.4,399,30
West Bengal,Kolkata to Digha,https://www.redbus.in/bus-tickets/kolkata-to-digha,SANTOSH BUS SERVICE,AC Seater (2+3),23:50,05h 10m,05:00,2.7,449,40
West Bengal,Kolkata to Digha,https://www.redbus.in/bus-tickets/kolkata-to-digha,SANTOSH BUS SERVICE,A/C Seater / Sleeper (2+2),01:20,04h 10m,05:30,2.0,499,45
West Bengal,Kolkata to Digha,https://www.redbus.in/bus-tickets/kolkata-to-digha,Bengal Surface Transport,A/C Seater Push Back (2+3),23:59,05h 01m,05:00,2.0,399,20
West Bengal,Kolkata to Digha,https://www.redbus.in/bus-tickets/kolkata-to-digha,SANTOSH BUS SERVICE,AC Seater (2+3),19:25,05h 20m,00:45,2.7,349,41
West Bengal,Kolkata to Digha,https://www.redbus.in/bus-tickets/kolkata-to-digha,Kojagar Travels,A/C Seater (2+3),15:40,05h 50m,21:30,3.7,420,20
West Bengal,Kolkata to Digha,https://www.redbus.in/bus-tickets/kolkata-to-digha,Arunita Paribahan,AC Seater (2+2),23:45,05h 00m,04:45,4.1,411,21
West Bengal,Kolkata to Digha,https://www.redbus.in/bus-tickets/kolkata-to-digha,City Express (Ruposhi),AC Seater (2+3),15:55,04h 55m,20:50,3.6,356,31
West Bengal,Kolkata to Digha,https://www.redbus.in/bus-tickets/kolkata-to-digha,Snemita Paribahan (Shinjini),AC Seater (2+2),23:45,04h 50m,04:35,3.4,467,16
West Bengal,Kolkata to Digha,https://www.redbus.in/bus-tickets/kolkata-to-digha,Snemita Paribahan (Ruposhi),AC Seater (2+3),15:55,04h 55m,20:50,3.4,356,30
West Bengal,Kolkata to Digha,https://www.redbus.in/bus-tickets/kolkata-to-digha,Ankita Paribahan(Atithi),A/C Seater Push Back (2+3),22:40,06h 40m,05:20,3.1,420,20
West Bengal,Kolkata to Digha,https://www.redbus.in/bus-tickets/kolkata-to-digha,Anadi Travels (Disha Gold),A/C Seater Push Back (2+3),23:00,05h 40m,04:40,1.0,500,60
West Bengal,Kolkata to Digha,https://www.redbus.in/bus-tickets/kolkata-to-digha,Subhadip Travels,A/C Executive (2+3),17:20,04h 15m,21:35,2.8,420,46
West Bengal,Kolkata to Digha,https://www.redbus.in/bus-tickets/kolkata-to-digha,Subhadip Travels(Kojagar),Non AC Seater (2+3),16:50,04h 40m,21:30,2.8,420,31
West Bengal,Kolkata to Digha,https://www.redbus.in/bus-tickets/kolkata-to-digha,Subhadip Travels(Radha Gobinda),A/C Seater (2+3),15:25,05h 35m,21:00,2.8,420,66
West Bengal,Kolkata to Digha,https://www.redbus.in/bus-tickets/kolkata-to-digha,Snemita Parisheba,AC Seater (2+3),16:10,04h 30m,20:40,2.8,370,25
West Bengal,Kolkata to Digha,https://www.redbus.in/bus-tickets/kolkata-to-digha,Snemita Parisheba,AC Seater (2+3),14:45,04h 40m,19:25,2.8,370,41
West Bengal,Kolkata to Digha,https://www.redbus.in/bus-tickets/kolkata-to-digha,Snemita Parisheba,AC Seater (2+3),19:05,04h 40m,23:45,2.8,370,20
West Bengal,Kolkata to Digha,https://www.redbus.in/bus-tickets/kolkata-to-digha,Friends Travels,A/C Seater (2+3),15:10,0-3h 00m,12:10,2.8,350,20
West Bengal,Kolkata to Digha,https://www.redbus.in/bus-tickets/kolkata-to-digha,Subhadip Travels,A/C Executive (2+3),15:30,05h 00m,20:30,2.8,420,60
West Bengal,Kolkata to Digha,https://www.redbus.in/bus-tickets/kolkata-to-digha,SANTOSH BUS SERVICE,AC Seater (2+3),19:25,04h 34m,23:59,2.7,299,32
West Bengal,Kolkata to Digha,https://www.redbus.in/bus-tickets/kolkata-to-digha,SANTOSH BUS SERVICE,AC Seater (2+3),17:20,04h 30m,21:50,2.7,349,46
West Bengal,Kolkata to Digha,https://www.redbus.in/bus-tickets/kolkata-to-digha,SANTOSH BUS SERVICE,Non AC Seater (2+3),16:10,05h 35m,21:45,2.7,220,40
West Bengal,Kolkata to Digha,https://www.redbus.in/bus-tickets/kolkata-to-digha,SANTOSH BUS SERVICE,AC Seater (2+3),18:30,05h 15m,23:45,2.7,350,46
West Bengal,Kolkata to Digha,https://www.redbus.in/bus-tickets/kolkata-to-digha,Bengal Surface Transport,A/C Seater Push Back (2+3),23:20,05h 10m,04:30,2.7,419,21
West Bengal,Kolkata to Digha,https://www.redbus.in/bus-tickets/kolkata-to-digha,SANTOSH BUS SERVICE,AC Seater (2+3),00:25,04h 35m,05:00,2.7,449,41
West Bengal,Kolkata to Digha,https://www.redbus.in/bus-tickets/kolkata-to-digha,Kojagar Travels,A/C Seater (2+3),16:50,05h 10m,22:00,3.7,350,30
West Bengal,Kolkata to Suri,https://www.redbus.in/bus-tickets/kolkata-to-suri,SBSTC-KOLKATA - SURI - 15:30 - (Suri Depot) - 655,Non AC Seater (2+3),15:30,05h 30m,21:00,3.3,190,51
West Bengal,Kolkata to Suri,https://www.redbus.in/bus-tickets/kolkata-to-suri,SBSTC-KOLKATA - SURI - 16: 30 - (Suri Depot) - 653,Non AC Seater (2+3),16:30,05h 30m,22:00,3.1,190,50
West Bengal,Kolkata to Suri,https://www.redbus.in/bus-tickets/kolkata-to-suri,SBSTC-KOLKATA - SURI - 18:00 - (Suri Depot) - 1205,Non AC Seater (2+3),18:00,05h 00m,23:00,3.9,190,51
West Bengal,Midnapore to Kolkata,https://www.redbus.in/bus-tickets/midnapore-to-kolkata,SBSTC-MIDNAPUR - GARIA - 15:30 (MID DEPOT) - 1511,Non AC Seater (2+3),15:30,08h 30m,00:00,4.2,110,31
West Bengal,Midnapore to Kolkata,https://www.redbus.in/bus-tickets/midnapore-to-kolkata,SBSTC-MIDNAPUR - BARASAT - 16:00 (MID DEPOT) - 1193,Non AC Seater (2+3),16:00,08h 00m,00:00,3.8,111,34
West Bengal,Midnapore to Kolkata,https://www.redbus.in/bus-tickets/midnapore-to-kolkata,SBSTC-MIDNAPUR - KARUNAMOYEE - 16:40 - 997,Non AC Seater (2+3),16:40,07h 20m,00:00,3.5,118,27
West Bengal,Midnapore to Kolkata,https://www.redbus.in/bus-tickets/midnapore-to-kolkata,WBTC (CTC) Habra-Midnapur - 194|15:40,Non AC Seater (2+3),15:40,02h 45m,18:25,4.0,105,19
West Bengal,Midnapore to Kolkata,https://www.redbus.in/bus-tickets/midnapore-to-kolkata,WBTC (CTC) Barasat-Midnapur - 208|16:50,Non AC Seater (2+3),16:50,01h 50m,18:40,3.9,105,36
West Bengal,Midnapore to Barasat (West Bengal),https://www.redbus.in/bus-tickets/midnapore-to-barasat-west-bengal,WBTC (CTC) Habra-Midnapur - 194|15:40,Non AC Seater (2+3),15:40,03h 15m,18:55,3.9,120,18
West Bengal,Midnapore to Barasat (West Bengal),https://www.redbus.in/bus-tickets/midnapore-to-barasat-west-bengal,WBTC (CTC) Barasat-Midnapur - 208|16:50,Non AC Seater (2+3),16:50,02h 15m,19:05,4.0,120,36
West Bengal,Midnapore to Barasat (West Bengal),https://www.redbus.in/bus-tickets/midnapore-to-barasat-west-bengal,SBSTC-MIDNAPUR - BARASAT - 16:00 (MID DEPOT) - 1193,Non AC Seater (2+3),16:00,08h 00m,00:00,4.1,125,34
West Bengal,Barasat (West Bengal) to Heria,https://www.redbus.in/bus-tickets/barasat-west-bengal-to-heria,WBTC (CTC) BARASAT-DIGHA via Bally - 38|15:00,Non AC Seater (2+3),15:00,02h 15m,17:15,3.6,112,4
West Bengal,Kolkata to Asansol (West Bengal),https://www.redbus.in/bus-tickets/kolkata-to-asansol,SBSTC-KARUNAMOYEE - ASANSOL - 15:30 (ASN DEPOT) - 249,Non AC Seater (2+3),15:30,05h 00m,20:30,3.9,185,27
West Bengal,Kolkata to Asansol (West Bengal),https://www.redbus.in/bus-tickets/kolkata-to-asansol,SBSTC-KOLKATA - ASANSOL - 16:00 (ASANSOL DEPOT) - 768,Non AC Seater (2+3),16:00,04h 30m,20:30,2.8,180,49
West Bengal,Kolkata to Asansol (West Bengal),https://www.redbus.in/bus-tickets/kolkata-to-asansol,SBSTC-KARUNAMOYEE - ASANSOL - AC - 16:15 (BEL DEPOT) - 1566,AC Seater (2+2),16:15,05h 00m,21:15,2.4,360,32
West Bengal,Kolkata to Asansol (West Bengal),https://www.redbus.in/bus-tickets/kolkata-to-asansol,SBSTC-KOLKATA - ASANSOL - L/S - 17:00 (ASANSOL DEPOT) - 769,Non AC Seater (2+3),17:00,04h 30m,21:30,4.3,180,49
West Bengal,Kolkata to Asansol (West Bengal),https://www.redbus.in/bus-tickets/kolkata-to-asansol,SBSTC-KOLKATA - JAMURIA - VIA - DURGAPUR - 17:30 - 300,Non AC Seater (2+3),17:30,04h 30m,22:00,4.5,180,52
West Bengal,Kolkata to Asansol (West Bengal),https://www.redbus.in/bus-tickets/kolkata-to-asansol,Greenline,Volvo A/C Seater (2+2),14:45,04h 45m,19:30,4.7,524,32
West Bengal,Kolkata to Asansol (West Bengal),https://www.redbus.in/bus-tickets/kolkata-to-asansol,Shyamoli Paribahan Pvt Ltd,Volvo A/C Seater (2+2),14:45,04h 15m,19:00,4.0,524,13
West Bengal,Kolkata to Asansol (West Bengal),https://www.redbus.in/bus-tickets/kolkata-to-asansol,Shyamoli Paribahan Pvt Ltd,Scania Multi-Axle AC Semi Sleeper (2+2),15:00,04h 00m,19:00,3.9,524,18
West Bengal,Kolkata to Asansol (West Bengal),https://www.redbus.in/bus-tickets/kolkata-to-asansol,SHYAMOLI Pvt. Ltd.(Karunamoyee),Scania Multi-Axle AC Semi Sleeper (2+2),15:00,04h 00m,19:00,4.2,524,18
West Bengal,Kolkata to Asansol (West Bengal),https://www.redbus.in/bus-tickets/kolkata-to-asansol,Greenline (Karunamoyee),Volvo A/C Seater (2+2),15:00,05h 00m,20:00,4.2,524,28
West Bengal,Kolkata to Asansol (West Bengal),https://www.redbus.in/bus-tickets/kolkata-to-asansol,SHYAMOLI Pvt. Ltd.(Karunamoyee),Scania Multi-Axle AC Semi Sleeper (2+2),15:00,04h 00m,19:00,3.5,524,18
West Bengal,Kolkata to Asansol (West Bengal),https://www.redbus.in/bus-tickets/kolkata-to-asansol,Greenline (Karunamoyee),Volvo A/C Seater (2+2),15:00,05h 00m,20:00,4.8,524,29
West Bengal,Kolkata to Asansol (West Bengal),https://www.redbus.in/bus-tickets/kolkata-to-asansol,Express Line,Volvo 9600 Multi Axle Semi-Sleeper (2+2),15:30,04h 10m,19:40,4.0,524,49
West Bengal,Kolkata to Asansol (West Bengal),https://www.redbus.in/bus-tickets/kolkata-to-asansol,Express Line (Karunamoyee),Volvo 9600 A/C Seater (2+2),15:45,05h 00m,20:45,4.5,524,36
West Bengal,Kolkata to Asansol (West Bengal),https://www.redbus.in/bus-tickets/kolkata-to-asansol,Express Line (Karunamoyee),Volvo 9600 A/C Seater (2+2),15:45,05h 00m,20:45,4.7,524,35
West Bengal,Kolkata to Asansol (West Bengal),https://www.redbus.in/bus-tickets/kolkata-to-asansol,SHYAMOLI Pvt. Ltd.(Karunamoyee),Volvo A/C Seater (2+2),16:00,05h 00m,21:00,4.3,524,27
West Bengal,Kolkata to Asansol (West Bengal),https://www.redbus.in/bus-tickets/kolkata-to-asansol,SHYAMOLI Pvt. Ltd.(Karunamoyee),Volvo A/C Seater (2+2),16:00,05h 00m,21:00,4.4,524,27
West Bengal,Kolkata to Asansol (West Bengal),https://www.redbus.in/bus-tickets/kolkata-to-asansol,Greenline,Volvo 9600 Multi Axle Semi-Sleeper (2+2),16:00,04h 00m,20:00,4.2,524,33
West Bengal,Kolkata to Asansol (West Bengal),https://www.redbus.in/bus-tickets/kolkata-to-asansol,Shyamoli Paribahan Pvt Ltd,Volvo A/C Seater (2+2),16:40,05h 00m,21:40,4.0,524,28
West Bengal,Kolkata to Asansol (West Bengal),https://www.redbus.in/bus-tickets/kolkata-to-asansol,Greenline (Karunamoyee),Volvo A/C Seater (2+2),16:45,05h 00m,21:45,4.2,524,25
West Bengal,Kolkata to Asansol (West Bengal),https://www.redbus.in/bus-tickets/kolkata-to-asansol,Greenline (Karunamoyee),Volvo A/C Seater (2+2),16:45,05h 00m,21:45,4.3,524,25
West Bengal,Kolkata to Asansol (West Bengal),https://www.redbus.in/bus-tickets/kolkata-to-asansol,Express Line (Karunamoyee),Volvo A/C Seater (2+2),17:00,05h 00m,22:00,4.5,524,39
West Bengal,Kolkata to Asansol (West Bengal),https://www.redbus.in/bus-tickets/kolkata-to-asansol,Greenline (Karunamoyee),Volvo A/C Seater (2+2),18:00,05h 00m,23:00,4.4,524,26
West Bengal,Kolkata to Asansol (West Bengal),https://www.redbus.in/bus-tickets/kolkata-to-asansol,Greenline (Karunamoyee),Volvo A/C Seater (2+2),18:01,04h 59m,23:00,4.3,524,26
West Bengal,Kolkata to Asansol (West Bengal),https://www.redbus.in/bus-tickets/kolkata-to-asansol,Express Line,Scania Multi-Axle AC Semi Sleeper (2+2),17:20,05h 00m,22:20,4.7,524,42
West Bengal,Kolkata to Asansol (West Bengal),https://www.redbus.in/bus-tickets/kolkata-to-asansol,SHYAMOLI Pvt. Ltd.(Karunamoyee),Scania Multi-Axle AC Semi Sleeper (2+2),17:30,05h 00m,22:30,4.1,524,35
West Bengal,Kolkata to Asansol (West Bengal),https://www.redbus.in/bus-tickets/kolkata-to-asansol,Greenline,Volvo A/C Seater (2+2),18:05,05h 00m,23:05,4.3,524,35
West Bengal,Kolkata to Asansol (West Bengal),https://www.redbus.in/bus-tickets/kolkata-to-asansol,Shyamoli Paribahan Pvt Ltd,Volvo A/C Seater (2+2),18:40,04h 45m,23:25,4.1,524,29
West Bengal,Kolkata to Asansol (West Bengal),https://www.redbus.in/bus-tickets/kolkata-to-asansol,Royal Cruiser,Scania Multi-Axle AC Semi Sleeper (2+2),19:30,04h 45m,00:15,3.4,550,21
West Bengal,Kolkata to Asansol (West Bengal),https://www.redbus.in/bus-tickets/kolkata-to-asansol,Pammi Travels,NON A/C Sleeper (2+1),21:15,05h 15m,02:30,3.6,697,25
West Bengal,Kolkata to Asansol (West Bengal),https://www.redbus.in/bus-tickets/kolkata-to-asansol,Maharani Express,A/C Seater / Sleeper (2+2),15:30,05h 15m,20:45,2.4,700,20
West Bengal,Kolkata to Asansol (West Bengal),https://www.redbus.in/bus-tickets/kolkata-to-asansol,Maharani Travels,NON AC Seater / Sleeper 2+1,16:30,05h 30m,22:00,2.9,600,12
West Bengal,Kolkata to Asansol (West Bengal),https://www.redbus.in/bus-tickets/kolkata-to-asansol,Maharani Express,NON A/C Seater / Sleeper (2+2),17:00,04h 45m,21:45,2.4,750,56
West Bengal,Kolkata to Asansol (West Bengal),https://www.redbus.in/bus-tickets/kolkata-to-asansol,Maharani Travels,NON AC Seater / Sleeper 2+1,17:05,04h 55m,22:00,2.9,600,14
West Bengal,Kolkata to Asansol (West Bengal),https://www.redbus.in/bus-tickets/kolkata-to-asansol,SHYAMOLI Pvt. Ltd.(Karunamoyee),Scania Multi-Axle AC Semi Sleeper (2+2),17:30,05h 00m,22:30,2.8,524,32
West Bengal,Kolkata to Asansol (West Bengal),https://www.redbus.in/bus-tickets/kolkata-to-asansol,Pariwartan Bus Service,NON A/C Seater / Sleeper (2+2),18:30,06h 00m,00:30,0,500,54
West Bengal,Kolkata to Asansol (West Bengal),https://www.redbus.in/bus-tickets/kolkata-to-asansol,Beauty Travels,NON A/C Seater / Sleeper (2+2),20:20,04h 10m,00:30,2.3,500,25
West Bengal,Kolkata to Asansol (West Bengal),https://www.redbus.in/bus-tickets/kolkata-to-asansol,Maharani Travels,A/C Seater / Sleeper (2+1),21:05,04h 55m,02:00,2.9,800,16
West Bengal,Haldia to Barasat (West Bengal),https://www.redbus.in/bus-tickets/haldia-to-barasat-west-bengal,WBTC (CTC) Habra- Barasat- Haldia - 180|16:45,Non AC Seater (2+3),16:45,03h 15m,20:00,3.8,113,23
West Bengal,Haldia to Kolkata,https://www.redbus.in/bus-tickets/haldia-to-kolkata,SBSTC-HALDIA - KOLKATA - 16:05 (HALDIA DEPOT) - 1328,Non AC Seater (2+3),16:05,03h 00m,19:05,3.6,110,19
West Bengal,Haldia to Kolkata,https://www.redbus.in/bus-tickets/haldia-to-kolkata,SBSTC-HALDIA - KOLKATA - ALL STOP - 17:30 (HLD DEPOT) - 630,Non AC Seater (2+3),17:30,03h 00m,20:30,3.8,110,21
West Bengal,Haldia to Kolkata,https://www.redbus.in/bus-tickets/haldia-to-kolkata,WBTC (CTC) Habra- Barasat- Haldia - 180|16:45,Non AC Seater (2+3),16:45,02h 45m,19:30,4.2,97,23
West Bengal,Kolkata to Burdwan,https://www.redbus.in/bus-tickets/kolkata-to-burdwan,SBSTC-KARUNAMOYEE - BURDWAN - 15:30 (BWN DEPOT) - 116,Non AC Seater (2+3),15:30,02h 00m,17:30,4.0,100,5
West Bengal,Kolkata to Burdwan,https://www.redbus.in/bus-tickets/kolkata-to-burdwan,SBSTC-KARUNAMOYEE - BURDWAN - 16:00 (BWN DEPOT) - 117,Non AC Seater (2+3),16:00,02h 00m,18:00,3.9,100,3
West Bengal,Kolkata to Burdwan,https://www.redbus.in/bus-tickets/kolkata-to-burdwan,SBSTC-KOLKATA - KANDRA - 16:00 (BWN DEPOT) - 689,Non AC Seater (2+3),16:00,02h 00m,18:00,4.1,95,46
West Bengal,Kolkata to Burdwan,https://www.redbus.in/bus-tickets/kolkata-to-burdwan,SBSTC-KOLKATA - LABPUR - 16:35 (HWH DEPOT) - 3238,Non AC Seater (2+3),16:35,02h 00m,18:35,2.8,95,51
West Bengal,Kolkata to Burdwan,https://www.redbus.in/bus-tickets/kolkata-to-burdwan,SBSTC-KARUNAMOYEE - BURDWAN - 17:00 (BWN DEPOT) - 118,Non AC Seater (2+3),17:00,02h 00m,19:00,3.7,100,12
West Bengal,Kolkata to Burdwan,https://www.redbus.in/bus-tickets/kolkata-to-burdwan,SBSTC-KOLKATA - ASANSOL - L/S - 17:00 (ASANSOL DEPOT) - 769,Non AC Seater (2+3),17:00,02h 00m,19:00,3.2,95,43
West Bengal,Kolkata to Burdwan,https://www.redbus.in/bus-tickets/kolkata-to-burdwan,SBSTC-KARUNAMOYEE - BURDWAN - 17:30 (BWN DEPOT) - 465,Non AC Seater (2+3),17:30,02h 00m,19:30,3.7,100,8
West Bengal,Kolkata to Burdwan,https://www.redbus.in/bus-tickets/kolkata-to-burdwan,SBSTC-KARUNAMOYEE - BURDWAN - 18:15 (BWN DEPOT) - 119,Non AC Seater (2+3),18:15,02h 00m,20:15,3.6,100,3
West Bengal,Kolkata to Burdwan,https://www.redbus.in/bus-tickets/kolkata-to-burdwan,SBSTC-KOLKATA - BURDWAN - 18:15 (BWN DEPOT) - 96,Non AC Seater (2+3),18:15,02h 00m,20:15,3.6,95,37
West Bengal,Kolkata to Burdwan,https://www.redbus.in/bus-tickets/kolkata-to-burdwan,SBSTC-KARUNAMOYEE - BURDWAN - A/C - 18:45 (BWN DEPOT) - 1674,AC Seater (2+2),18:45,02h 00m,20:45,3.5,200,14
West Bengal,Kolkata to Burdwan,https://www.redbus.in/bus-tickets/kolkata-to-burdwan,SBSTC-KARUNAMOYEE - BURDWAN - 19:30 (BWN DEPOT) - 120,Non AC Seater (2+3),19:30,02h 00m,21:30,3.2,100,19
West Bengal,Kolkata to Burdwan,https://www.redbus.in/bus-tickets/kolkata-to-burdwan,SBSTC-KOLKATA - BURDWAN - 20:00 (BWN DEPOT) - 103,Non AC Seater (2+3),20:00,02h 00m,22:00,4.1,95,48
West Bengal,Kolkata to Burdwan,https://www.redbus.in/bus-tickets/kolkata-to-burdwan,SHYAMOLI Pvt. Ltd.(Karunamoyee),Scania Multi-Axle AC Semi Sleeper (2+2),15:00,01h 20m,16:20,4.4,429,38
West Bengal,Kolkata to Burdwan,https://www.redbus.in/bus-tickets/kolkata-to-burdwan,Greenline (Karunamoyee),Volvo A/C Seater (2+2),15:00,02h 35m,17:35,4.2,429,29
West Bengal,Kolkata to Burdwan,https://www.redbus.in/bus-tickets/kolkata-to-burdwan,Greenline (Karunamoyee),Volvo A/C Seater (2+2),15:00,02h 35m,17:35,4.3,429,29
West Bengal,Kolkata to Burdwan,https://www.redbus.in/bus-tickets/kolkata-to-burdwan,SHYAMOLI Pvt. Ltd.(Karunamoyee),Scania Multi-Axle AC Semi Sleeper (2+2),15:00,01h 20m,16:20,4.3,429,38
West Bengal,Kolkata to Burdwan,https://www.redbus.in/bus-tickets/kolkata-to-burdwan,Greenline,Volvo A/C Seater (2+2),15:15,01h 30m,16:45,4.3,429,16
West Bengal,Kolkata to Burdwan,https://www.redbus.in/bus-tickets/kolkata-to-burdwan,PALLY DUTH PARIBAHAN,A/C Seater (2+3),15:20,02h 40m,18:00,0,222,28
West Bengal,Kolkata to Burdwan,https://www.redbus.in/bus-tickets/kolkata-to-burdwan,Express Line,Volvo 9600 Multi Axle Semi-Sleeper (2+2),15:30,01h 30m,17:00,4.0,429,49
West Bengal,Kolkata to Burdwan,https://www.redbus.in/bus-tickets/kolkata-to-burdwan,Express Line (Karunamoyee),Volvo 9600 A/C Seater (2+2),15:45,02h 15m,18:00,4.5,429,37
West Bengal,Kolkata to Burdwan,https://www.redbus.in/bus-tickets/kolkata-to-burdwan,Express Line (Karunamoyee),Volvo 9600 A/C Seater (2+2),15:45,02h 15m,18:00,4.6,429,35
West Bengal,Kolkata to Burdwan,https://www.redbus.in/bus-tickets/kolkata-to-burdwan,SHYAMOLI Pvt. Ltd.(Karunamoyee),Volvo A/C Seater (2+2),16:00,02h 30m,18:30,4.3,429,27
West Bengal,Kolkata to Burdwan,https://www.redbus.in/bus-tickets/kolkata-to-burdwan,SHYAMOLI Pvt. Ltd.(Karunamoyee),Volvo A/C Seater (2+2),16:00,02h 30m,18:30,3.5,429,45
West Bengal,Kolkata to Burdwan,https://www.redbus.in/bus-tickets/kolkata-to-burdwan,Greenline,Volvo 9600 Multi Axle Semi-Sleeper (2+2),16:00,01h 50m,17:50,4.7,429,32
West Bengal,Kolkata to Burdwan,https://www.redbus.in/bus-tickets/kolkata-to-burdwan,Shyamoli Paribahan Pvt Ltd,Volvo A/C Seater (2+2),16:40,02h 15m,18:55,4.2,429,24
West Bengal,Kolkata to Burdwan,https://www.redbus.in/bus-tickets/kolkata-to-burdwan,Greenline (Karunamoyee),Volvo A/C Seater (2+2),16:45,02h 35m,19:20,4.3,429,26
West Bengal,Kolkata to Burdwan,https://www.redbus.in/bus-tickets/kolkata-to-burdwan,Greenline (Karunamoyee),Volvo A/C Seater (2+2),16:45,02h 35m,19:20,4.5,429,26
West Bengal,Kolkata to Burdwan,https://www.redbus.in/bus-tickets/kolkata-to-burdwan,Express Line (Karunamoyee),Volvo A/C Seater (2+2),17:00,02h 15m,19:15,4.5,429,45
West Bengal,Kolkata to Burdwan,https://www.redbus.in/bus-tickets/kolkata-to-burdwan,Express Line (Karunamoyee),Volvo A/C Seater (2+2),17:00,02h 15m,19:15,4.8,429,45
West Bengal,Kolkata to Burdwan,https://www.redbus.in/bus-tickets/kolkata-to-burdwan,Express Line,Scania Multi-Axle AC Semi Sleeper (2+2),17:20,02h 10m,19:30,4.4,429,42
West Bengal,Kolkata to Burdwan,https://www.redbus.in/bus-tickets/kolkata-to-burdwan,Greenline (Karunamoyee),Volvo A/C Seater (2+2),18:00,02h 30m,20:30,4.4,429,37
West Bengal,Kolkata to Burdwan,https://www.redbus.in/bus-tickets/kolkata-to-burdwan,Greenline (Karunamoyee),Volvo A/C Seater (2+2),18:01,02h 29m,20:30,4.3,429,37
West Bengal,Kolkata to Burdwan,https://www.redbus.in/bus-tickets/kolkata-to-burdwan,SHYAMOLI Pvt. Ltd.(Karunamoyee),Scania Multi-Axle AC Semi Sleeper (2+2),17:30,02h 30m,20:00,4.3,429,34
West Bengal,Kolkata to Burdwan,https://www.redbus.in/bus-tickets/kolkata-to-burdwan,SHYAMOLI Pvt. Ltd.(Karunamoyee),Scania Multi-Axle AC Semi Sleeper (2+2),17:30,02h 30m,20:00,4.6,429,35
West Bengal,Kolkata to Burdwan,https://www.redbus.in/bus-tickets/kolkata-to-burdwan,Shyamoli Paribahan Pvt Ltd,Volvo A/C Seater (2+2),18:40,02h 00m,20:40,4.3,429,29
West Bengal,Kolkata to Burdwan,https://www.redbus.in/bus-tickets/kolkata-to-burdwan,Royal Cruiser,Scania Multi-Axle AC Semi Sleeper (2+2),19:30,02h 45m,22:15,3.6,400,33
West Bengal,Kolkata to Burdwan,https://www.redbus.in/bus-tickets/kolkata-to-burdwan,Greenline,Volvo A/C Seater (2+2),18:05,02h 40m,20:45,2.8,429,37
West Bengal,Kolkata to Burdwan,https://www.redbus.in/bus-tickets/kolkata-to-burdwan,Suman sabir,Non AC Seater (2+3),18:50,03h 10m,22:00,1.7,111,61
West Bengal,Kolkata to Burdwan,https://www.redbus.in/bus-tickets/kolkata-to-burdwan,Suman sabir,Non AC Seater (2+3),21:00,02h 59m,23:59,1.7,111,54
West Bengal,Kolkata to Burdwan,https://www.redbus.in/bus-tickets/kolkata-to-burdwan,Pammi Travels,A/C Sleeper (2+1),21:00,02h 59m,23:59,3.6,999,27
West Bengal,Kolkata to Burdwan,https://www.redbus.in/bus-tickets/kolkata-to-burdwan,Pammi Travels,Non A/C Seater / Sleeper (2+1),21:00,02h 59m,23:59,3.6,650,32
West Bengal,Kolkata to Burdwan,https://www.redbus.in/bus-tickets/kolkata-to-burdwan,Pammi Travels,NON A/C Sleeper (2+1),21:15,02h 44m,23:59,3.6,697,25
West Bengal,Kolkata to Burdwan,https://www.redbus.in/bus-tickets/kolkata-to-burdwan,Maharani Express,A/C Seater / Sleeper (2+2),15:30,02h 45m,18:15,2.4,700,20
West Bengal,Kolkata to Burdwan,https://www.redbus.in/bus-tickets/kolkata-to-burdwan,Maharani Travels,NON AC Seater / Sleeper 2+1,16:30,03h 00m,19:30,2.9,600,12
West Bengal,Kolkata to Burdwan,https://www.redbus.in/bus-tickets/kolkata-to-burdwan,Maharani Express,Tata A/C Seater Executive Luxury (2+2),17:00,03h 00m,20:00,2.4,750,16
West Bengal,Kolkata to Burdwan,https://www.redbus.in/bus-tickets/kolkata-to-burdwan,Maharani Express,NON A/C Seater / Sleeper (2+2),17:00,03h 00m,20:00,2.4,750,56
West Bengal,Kolkata to Burdwan,https://www.redbus.in/bus-tickets/kolkata-to-burdwan,Pariwartan Bus Service,NON A/C Seater / Sleeper (2+2),18:30,03h 00m,21:30,0,500,54
West Bengal,Durgapur (West Bengal) to Purulia,https://www.redbus.in/bus-tickets/durgapur-to-purulia,SBSTC-KOLKATA - PURULIA - VIA - BANKURA - 13:00 (PRL DEP - 290,Non AC Seater (2+3),16:00,08h 00m,00:00,4.5,117,29
West Bengal,Kolkata to Purulia,https://www.redbus.in/bus-tickets/kolkata-to-purulia,City Queen Bus Service,Non AC Seater (2+2),21:30,10h 00m,07:30,2.2,285,16
West Bengal,Kolkata to Purulia,https://www.redbus.in/bus-tickets/kolkata-to-purulia,City Queen Bus Service,Non AC Seater (2+2),20:50,08h 10m,05:00,2.2,250,13
West Bengal,Kolkata to Haldia,https://www.redbus.in/bus-tickets/kolkata-to-haldia,SBSTC-KOLKATA - HALDIA - NON STOP - 15:30 (HALDIA DEPOT) - 569,Non AC Seater (2+3),15:30,03h 00m,18:30,4.3,135,39
West Bengal,Kolkata to Haldia,https://www.redbus.in/bus-tickets/kolkata-to-haldia,SBSTC-KOLKATA - HALDIA - 16:30 (Haldia Depot) - 809,Non AC Seater (2+3),16:30,03h 00m,19:30,3.9,110,35
West Bengal,Kolkata to Haldia,https://www.redbus.in/bus-tickets/kolkata-to-haldia,SBSTC-KOLKATA - HALDIA - 17:00 (Haldia Depot) - 3017,Non AC Seater (2+3),17:00,03h 00m,20:00,3.8,110,35
West Bengal,Kolkata to Haldia,https://www.redbus.in/bus-tickets/kolkata-to-haldia,SBSTC-KOLKATA - HALDIA - 17.30 (HALDIA DEPOT) - 565,Non AC Seater (2+3),17:30,03h 00m,20:30,4.2,110,38
West Bengal,Kolkata to Haldia,https://www.redbus.in/bus-tickets/kolkata-to-haldia,SBSTC-KOLKATA - HALDIA - 18.15 (HALDIA DEPOT) - 566,Non AC Seater (2+3),18:15,03h 00m,21:15,3.5,110,23
West Bengal,Kolkata to Haldia,https://www.redbus.in/bus-tickets/kolkata-to-haldia,Satadal Travels,A/C Seater (2+2),14:55,03h 20m,18:15,3.8,175,24
West Bengal,Kolkata to Haldia,https://www.redbus.in/bus-tickets/kolkata-to-haldia,Satadal Travels,A/C Seater (2+2),14:56,03h 19m,18:15,3.8,175,24
West Bengal,Kolkata to Haldia,https://www.redbus.in/bus-tickets/kolkata-to-haldia,Diamond City Service,A/C Executive (2+3),15:10,03h 45m,18:55,4.5,184,33
West Bengal,Kolkata to Haldia,https://www.redbus.in/bus-tickets/kolkata-to-haldia,Droupadi Bus Service,Non AC Seater (2+3),16:20,02h 50m,19:10,2.2,121,51
